Name,Sweep (T1),,,
Date,07/23/2026,,,
Time,19:56:23,,,
GPS Latitude,- - -,,,
GPS Longitude,- - -,,,
GPS Altitude,- - -,,,
Instrument,FSH8 - 116915/008,,,
Firmware Version,V3.60,,,
Instrument Mode,Spectrum Analyzer,,,
Meas Mode,Spectrum,,,
Uplink,- - -,,,
Downlink,- - -,,,
Channel,- - -,,,
Center Frequency,3775000000,Hz,,
Frequency Offset,0,Hz,,
Span,7450000000,Hz,,
Ref Level,-30,dBm,,
Ref Offset,0,dB,,
Ref Position,1 ,,,
Range,100,dB,,
RF Attenuation,Manual,,,
RF Attenuator,10,dB,,
Pre-Amplifier,On,,,
RF Input,50 Ω,,,
RBW,100000,Hz,,
VBW,30000,Hz,,
SWT,6.21,s,,
Trigger Mode,Free Run,,,
Trigger Level,- - -,,,
Trigger Delay,- - -,,,
Trace Mode,Max Hold,,,
Trace Math,Off,,,
Trace Detector,Max Peak,,,
Primary Transducer,- - -,,,
Secondary Transducer,- - -,,,
Gated Trigger,Off,,,
Gate Mode,Edge,,,
Gate Delay,0,s,,
Gate Length,0.0004,s,,
Isotropic Antenna,Off,,,
Limit Line 1,- - -,,,
Result Limit Line 1,- - -,,,
Limit Line 2,- - -,,,
Result Limit Line 2,- - -,,,

Frequency [Hz],Magnitude [dBm],,,
50000000,-63.6909332275391,,,
61825396.8253968,-63.6909332275391,,,
73650793.6507936,-71.5197601318359,,,
85476190.4761905,-75.7554473876953,,,
97301587.3015873,-65.9211654663086,,,
109126984.126984,-93.5903778076172,,,
120952380.952381,-93.4866790771484,,,
132777777.777778,-94.0123672485352,,,
144603174.603175,-94.7060699462891,,,
156428571.428571,-95.4953765869141,,,
168253968.253968,-94.5165786743164,,,
180079365.079365,-94.791389465332,,,
191904761.904762,-94.1751251220703,,,
203730158.730159,-95.7510757446289,,,
215555555.555556,-97.7851181030273,,,
227380952.380952,-97.8916397094727,,,
239206349.206349,-98.0068283081055,,,
251031746.031746,-98.1742324829102,,,
262857142.857143,-98.0852737426758,,,
274682539.68254,-98.269401550293,,,
286507936.507936,-98.4300537109375,,,
298333333.333333,-98.2220001220703,,,
310158730.15873,-97.8364791870117,,,
321984126.984127,-97.1886749267578,,,
333809523.809524,-98.0533599853516,,,
345634920.634921,-98.1715927124023,,,
357460317.460317,-98.1256332397461,,,
369285714.285714,-97.2804946899414,,,
381111111.111111,-98.4182357788086,,,
392936507.936508,-97.5879974365234,,,
404761904.761905,-98.1119995117188,,,
416587301.587302,-97.1044998168945,,,
428412698.412698,-98.0839385986328,,,
440238095.238095,-98.3072509765625,,,
452063492.063492,-98.4604568481445,,,
463888888.888889,-97.5665130615234,,,
475714285.714286,-98.0172576904297,,,
487539682.539683,-97.3978424072266,,,
499365079.365079,-98.4914093017578,,,
511190476.190476,-97.7780303955078,,,
523015873.015873,-97.9713897705078,,,
534841269.84127,-97.2320327758789,,,
546666666.666667,-97.3707427978516,,,
558492063.492064,-97.9134674072266,,,
570317460.31746,-97.8448715209961,,,
582142857.142857,-97.1133575439453,,,
593968253.968254,-97.8750762939453,,,
605793650.793651,-98.4435348510742,,,
617619047.619048,-98.5485687255859,,,
629444444.444444,-98.3184814453125,,,
641269841.269841,-98.6486053466797,,,
653095238.095238,-98.7851257324219,,,
664920634.920635,-98.2111129760742,,,
676746031.746032,-98.0479125976563,,,
688571428.571429,-98.0270156860352,,,
700396825.396825,-97.8949737548828,,,
712222222.222222,-98.5752487182617,,,
724047619.047619,-98.7372741699219,,,
735873015.873016,-97.7864456176758,,,
747698412.698413,-98.2679214477539,,,
759523809.523809,-82.6842803955078,,,
771349206.349206,-84.4112930297852,,,
783174603.174603,-84.4007720947266,,,
795000000,-94.7641754150391,,,
806825396.825397,-84.1386947631836,,,
818650793.650794,-59.7959022521973,,,
830476190.47619,-63.2471961975098,,,
842301587.301587,-66.1641998291016,,,
854126984.126984,-60.4513359069824,,,
865952380.952381,-98.2639389038086,,,
877777777.777778,-97.8960876464844,,,
889603174.603175,-98.1199340820313,,,
901428571.428571,-97.9786376953125,,,
913253968.253968,-81.4203948974609,,,
925079365.079365,-84.6643981933594,,,
936904761.904762,-60.2065391540527,,,
948730158.730159,-56.8345603942871,,,
960555555.555555,-80.7079238891602,,,
972380952.380952,-97.8667449951172,,,
984206349.206349,-97.1963043212891,,,
996031746.031746,-97.3048400878906,,,
1007857142.85714,-97.8327255249023,,,
1019682539.68254,-97.8179779052734,,,
1031507936.50794,-97.7740783691406,,,
1043333333.33333,-98.0325012207031,,,
1055158730.15873,-97.6625747680664,,,
1066984126.98413,-96.7984771728516,,,
1078809523.80952,-96.7591781616211,,,
1090634920.63492,-97.0164184570313,,,
1102460317.46032,-96.4652633666992,,,
1114285714.28571,-96.3600234985352,,,
1126111111.11111,-95.7367248535156,,,
1137936507.93651,-96.290412902832,,,
1149761904.7619,-96.775749206543,,,
1161587301.5873,-96.4231567382813,,,
1173412698.4127,-96.8175201416016,,,
1185238095.2381,-95.8748779296875,,,
1197063492.06349,-96.4960327148438,,,
1208888888.88889,-96.1692047119141,,,
1220714285.71429,-96.9787826538086,,,
1232539682.53968,-96.4572906494141,,,
1244365079.36508,-97.2241897583008,,,
1256190476.19048,-97.0849533081055,,,
1268015873.01587,-97.1996459960938,,,
1279841269.84127,-97.0528335571289,,,
1291666666.66667,-96.2458190917969,,,
1303492063.49206,-97.3663177490234,,,
1315317460.31746,-96.9978561401367,,,
1327142857.14286,-97.2962951660156,,,
1338968253.96825,-97.1267852783203,,,
1350793650.79365,-97.2668304443359,,,
1362619047.61905,-96.2321853637695,,,
1374444444.44444,-96.735725402832,,,
1386269841.26984,-96.3253479003906,,,
1398095238.09524,-96.6336669921875,,,
1409920634.92063,-96.6237335205078,,,
1421746031.74603,-96.7180786132813,,,
1433571428.57143,-96.3024520874023,,,
1445396825.39683,-96.1465606689453,,,
1457222222.22222,-96.6887283325195,,,
1469047619.04762,-96.6196136474609,,,
1480873015.87302,-96.4782867431641,,,
1492698412.69841,-96.603874206543,,,
1504523809.52381,-96.1311492919922,,,
1516349206.34921,-96.6884613037109,,,
1528174603.1746,-97.1188430786133,,,
1540000000,-97.0527267456055,,,
1551825396.8254,-96.11181640625,,,
1563650793.65079,-96.2041320800781,,,
1575476190.47619,-97.0474243164063,,,
1587301587.30159,-96.6145248413086,,,
1599126984.12698,-97.1048812866211,,,
1610952380.95238,-96.3556442260742,,,
1622777777.77778,-96.6132354736328,,,
1634603174.60317,-95.9211273193359,,,
1646428571.42857,-96.7150268554688,,,
1658253968.25397,-95.8744735717773,,,
1670079365.07937,-96.3276214599609,,,
1681904761.90476,-96.5176315307617,,,
1693730158.73016,-95.6037902832031,,,
1705555555.55556,-96.5783386230469,,,
1717380952.38095,-95.7078704833984,,,
1729206349.20635,-96.6185607910156,,,
1741031746.03175,-96.5895080566406,,,
1752857142.85714,-62.6633491516113,,,
1764682539.68254,-71.524772644043,,,
1776507936.50794,-96.7304382324219,,,
1788333333.33333,-96.8085174560547,,,
1800158730.15873,-95.9748306274414,,,
1811984126.98413,-95.6974029541016,,,
1823809523.80952,-96.9906539916992,,,
1835634920.63492,-55.0417861938477,,,
1847460317.46032,-59.2251434326172,,,
1859285714.28571,-76.7724533081055,,,
1871111111.11111,-91.4239349365234,,,
1882936507.93651,-92.062744140625,,,
1894761904.7619,-95.7035140991211,,,
1906587301.5873,-96.0725631713867,,,
1918412698.4127,-91.9965667724609,,,
1930238095.2381,-79.8450622558594,,,
1942063492.06349,-96.2066879272461,,,
1953888888.88889,-96.9224624633789,,,
1965714285.71429,-96.0529098510742,,,
1977539682.53968,-96.1441268920898,,,
1989365079.36508,-96.6672821044922,,,
2001190476.19048,-96.4906311035156,,,
2013015873.01587,-96.4621658325195,,,
2024841269.84127,-96.4932022094727,,,
2036666666.66667,-95.8243103027344,,,
2048492063.49206,-96.1226654052734,,,
2060317460.31746,-96.5397262573242,,,
2072142857.14286,-96.3172149658203,,,
2083968253.96825,-95.9563064575195,,,
2095793650.79365,-96.2935943603516,,,
2107619047.61905,-96.3541946411133,,,
2119444444.44444,-95.309211730957,,,
2131269841.26984,-93.5039749145508,,,
2143095238.09524,-93.5960693359375,,,
2154920634.92063,-79.3230972290039,,,
2166746031.74603,-79.2188034057617,,,
2178571428.57143,-80.3470611572266,,,
2190396825.39683,-96.0206985473633,,,
2202222222.22222,-95.1376800537109,,,
2214047619.04762,-95.4793319702148,,,
2225873015.87302,-96.1144256591797,,,
2237698412.69841,-95.6510620117188,,,
2249523809.52381,-95.3789138793945,,,
2261349206.34921,-95.6989593505859,,,
2273174603.1746,-96.0684661865234,,,
2285000000,-95.8780670166016,,,
2296825396.8254,-95.1406936645508,,,
2308650793.65079,-94.7272796630859,,,
2320476190.47619,-95.9279251098633,,,
2332301587.30159,-95.688835144043,,,
2344126984.12698,-95.6816177368164,,,
2355952380.95238,-94.1418151855469,,,
2367777777.77778,-94.8125076293945,,,
2379603174.60317,-94.4927978515625,,,
2391428571.42857,-94.5584945678711,,,
2403253968.25397,-74.1298370361328,,,
2415079365.07936,-77.129768371582,,,
2426904761.90476,-66.8655700683594,,,
2438730158.73016,-73.2424621582031,,,
2450555555.55556,-69.5783386230469,,,
2462380952.38095,-78.7980346679688,,,
2474206349.20635,-65.1183166503906,,,
2486031746.03175,-68.2836151123047,,,
2497857142.85714,-95.5081787109375,,,
2509682539.68254,-94.9577331542969,,,
2521507936.50794,-94.8232803344727,,,
2533333333.33333,-95.4600830078125,,,
2545158730.15873,-94.9891662597656,,,
2556984126.98413,-94.8925094604492,,,
2568809523.80952,-94.6574172973633,,,
2580634920.63492,-95.6542053222656,,,
2592460317.46032,-94.5390853881836,,,
2604285714.28571,-95.0532455444336,,,
2616111111.11111,-95.5536804199219,,,
2627936507.93651,-95.3304138183594,,,
2639761904.7619,-95.9626922607422,,,
2651587301.5873,-94.6868515014648,,,
2663412698.4127,-95.849365234375,,,
2675238095.2381,-95.6869888305664,,,
2687063492.06349,-95.9337692260742,,,
2698888888.88889,-95.8113708496094,,,
2710714285.71429,-95.1481704711914,,,
2722539682.53968,-95.2930450439453,,,
2734365079.36508,-95.6487808227539,,,
2746190476.19048,-95.7743606567383,,,
2758015873.01587,-95.2491455078125,,,
2769841269.84127,-94.5371322631836,,,
2781666666.66667,-94.5948638916016,,,
2793492063.49206,-95.1451416015625,,,
2805317460.31746,-95.1109008789063,,,
2817142857.14286,-94.5275802612305,,,
2828968253.96825,-94.9607238769531,,,
2840793650.79365,-93.4358367919922,,,
2852619047.61905,-95.65869140625,,,
2864444444.44444,-95.1549911499023,,,
2876269841.26984,-95.1078491210938,,,
2888095238.09524,-95.2220306396484,,,
2899920634.92063,-94.5777816772461,,,
2911746031.74603,-95.143180847168,,,
2923571428.57143,-95.1102676391602,,,
2935396825.39683,-94.9425582885742,,,
2947222222.22222,-94.9452209472656,,,
2959047619.04762,-95.1339340209961,,,
2970873015.87302,-94.9756698608398,,,
2982698412.69841,-94.9220733642578,,,
2994523809.52381,-95.0886917114258,,,
3006349206.34921,-94.5074615478516,,,
3018174603.1746,-93.6657409667969,,,
3030000000,-94.1395492553711,,,
3041825396.8254,-93.7221145629883,,,
3053650793.65079,-93.5608291625977,,,
3065476190.47619,-93.1314010620117,,,
3077301587.30159,-93.7908477783203,,,
3089126984.12698,-94.0788040161133,,,
3100952380.95238,-93.1134719848633,,,
3112777777.77778,-94.0934371948242,,,
3124603174.60317,-93.6041793823242,,,
3136428571.42857,-92.8875885009766,,,
3148253968.25397,-94.1639175415039,,,
3160079365.07936,-94.4634628295898,,,
3171904761.90476,-94.5276489257813,,,
3183730158.73016,-95.1079406738281,,,
3195555555.55556,-95.0206451416016,,,
3207380952.38095,-93.8403472900391,,,
3219206349.20635,-94.7850494384766,,,
3231031746.03175,-94.5154647827148,,,
3242857142.85714,-94.3964157104492,,,
3254682539.68254,-94.8671112060547,,,
3266507936.50794,-94.4610137939453,,,
3278333333.33333,-93.4617156982422,,,
3290158730.15873,-94.3239669799805,,,
3301984126.98413,-94.7368011474609,,,
3313809523.80952,-93.7422637939453,,,
3325634920.63492,-94.2113418579102,,,
3337460317.46032,-93.4522171020508,,,
3349285714.28571,-94.0714416503906,,,
3361111111.11111,-92.7227096557617,,,
3372936507.93651,-93.9822845458984,,,
3384761904.7619,-93.8162536621094,,,
3396587301.5873,-92.8788299560547,,,
3408412698.4127,-93.679443359375,,,
3420238095.23809,-93.6419906616211,,,
3432063492.06349,-91.7733306884766,,,
3443888888.88889,-92.2617034912109,,,
3455714285.71429,-93.452262878418,,,
3467539682.53968,-92.8018341064453,,,
3479365079.36508,-92.9054336547852,,,
3491190476.19048,-92.6859359741211,,,
3503015873.01587,-91.9096755981445,,,
3514841269.84127,-91.8764877319336,,,
3526666666.66667,-91.4364547729492,,,
3538492063.49206,-92.3627166748047,,,
3550317460.31746,-92.3770904541016,,,
3562142857.14286,-91.9143295288086,,,
3573968253.96825,-92.1930084228516,,,
3585793650.79365,-91.4477386474609,,,
3597619047.61905,-90.9944763183594,,,
3609444444.44444,-97.2783508300781,,,
3621269841.26984,-96.7192764282227,,,
3633095238.09524,-97.0990295410156,,,
3644920634.92063,-96.7460098266602,,,
3656746031.74603,-97.201057434082,,,
3668571428.57143,-97.5014114379883,,,
3680396825.39683,-97.0451278686523,,,
3692222222.22222,-95.3344039916992,,,
3704047619.04762,-97.2951736450195,,,
3715873015.87302,-96.4533538818359,,,
3727698412.69841,-97.180419921875,,,
3739523809.52381,-97.1111145019531,,,
3751349206.34921,-96.7570266723633,,,
3763174603.1746,-96.9108200073242,,,
3775000000,-96.9575576782227,,,
3786825396.8254,-96.9522933959961,,,
3798650793.65079,-97.2060928344727,,,
3810476190.47619,-97.0133590698242,,,
3822301587.30159,-96.4410705566406,,,
3834126984.12698,-96.8939819335938,,,
3845952380.95238,-96.7955856323242,,,
3857777777.77778,-96.8634872436523,,,
3869603174.60317,-96.5445251464844,,,
3881428571.42857,-96.428092956543,,,
3893253968.25397,-96.4230880737305,,,
3905079365.07936,-96.1778411865234,,,
3916904761.90476,-96.3689346313477,,,
3928730158.73016,-96.8272323608398,,,
3940555555.55556,-96.3576049804688,,,
3952380952.38095,-95.8926696777344,,,
3964206349.20635,-96.2489471435547,,,
3976031746.03175,-96.5580139160156,,,
3987857142.85714,-96.3041305541992,,,
3999682539.68254,-96.1559906005859,,,
4011507936.50794,-96.1814956665039,,,
4023333333.33333,-96.2062225341797,,,
4035158730.15873,-96.2905044555664,,,
4046984126.98413,-95.7999877929688,,,
4058809523.80952,-96.7395095825195,,,
4070634920.63492,-96.7742156982422,,,
4082460317.46032,-96.7403335571289,,,
4094285714.28571,-96.9657440185547,,,
4106111111.11111,-95.2981872558594,,,
4117936507.93651,-96.8632659912109,,,
4129761904.7619,-94.9543380737305,,,
4141587301.5873,-96.3137130737305,,,
4153412698.4127,-96.2072677612305,,,
4165238095.23809,-96.4567947387695,,,
4177063492.06349,-96.0713272094727,,,
4188888888.88889,-96.0931854248047,,,
4200714285.71429,-96.396354675293,,,
4212539682.53968,-96.048942565918,,,
4224365079.36508,-96.461311340332,,,
4236190476.19048,-96.1290664672852,,,
4248015873.01587,-96.1026000976563,,,
4259841269.84127,-96.7068557739258,,,
4271666666.66667,-96.8913116455078,,,
4283492063.49206,-96.3557968139648,,,
4295317460.31746,-96.4428176879883,,,
4307142857.14286,-96.4457626342773,,,
4318968253.96825,-95.8448944091797,,,
4330793650.79365,-96.4779739379883,,,
4342619047.61905,-97.1153793334961,,,
4354444444.44444,-96.0145416259766,,,
4366269841.26984,-96.4014053344727,,,
4378095238.09524,-96.4044570922852,,,
4389920634.92063,-95.9887390136719,,,
4401746031.74603,-96.4560165405273,,,
4413571428.57143,-96.1216812133789,,,
4425396825.39682,-96.2883224487305,,,
4437222222.22222,-96.0946884155273,,,
4449047619.04762,-96.3263397216797,,,
4460873015.87302,-95.4762725830078,,,
4472698412.69841,-96.6814117431641,,,
4484523809.52381,-96.3689193725586,,,
4496349206.34921,-96.4954681396484,,,
4508174603.1746,-95.2415161132813,,,
4520000000,-96.4018173217773,,,
4531825396.8254,-95.982292175293,,,
4543650793.65079,-96.2629547119141,,,
4555476190.47619,-96.2219085693359,,,
4567301587.30159,-96.2902069091797,,,
4579126984.12698,-96.1324005126953,,,
4590952380.95238,-96.0120239257813,,,
4602777777.77778,-95.7019805908203,,,
4614603174.60317,-95.9030532836914,,,
4626428571.42857,-95.8622436523438,,,
4638253968.25397,-95.0135726928711,,,
4650079365.07936,-95.1962127685547,,,
4661904761.90476,-95.1517715454102,,,
4673730158.73016,-94.7408981323242,,,
4685555555.55556,-94.8543243408203,,,
4697380952.38095,-95.3753128051758,,,
4709206349.20635,-94.972282409668,,,
4721031746.03175,-95.0722427368164,,,
4732857142.85714,-95.1551895141602,,,
4744682539.68254,-94.4934463500977,,,
4756507936.50794,-94.5742263793945,,,
4768333333.33333,-94.3265991210938,,,
4780158730.15873,-89.5203857421875,,,
4791984126.98413,-93.929328918457,,,
4803809523.80952,-94.576904296875,,,
4815634920.63492,-94.3525009155273,,,
4827460317.46032,-94.5725479125977,,,
4839285714.28571,-94.4406204223633,,,
4851111111.11111,-93.4233932495117,,,
4862936507.93651,-94.5787734985352,,,
4874761904.7619,-93.7045745849609,,,
4886587301.5873,-93.578010559082,,,
4898412698.4127,-93.8137283325195,,,
4910238095.2381,-94.2261199951172,,,
4922063492.06349,-94.2070083618164,,,
4933888888.88889,-93.5412292480469,,,
4945714285.71429,-93.9856796264648,,,
4957539682.53968,-93.975227355957,,,
4969365079.36508,-93.3896789550781,,,
4981190476.19048,-93.5315780639648,,,
4993015873.01587,-93.5909576416016,,,
5004841269.84127,-93.1442413330078,,,
5016666666.66667,-93.5871124267578,,,
5028492063.49206,-93.1733093261719,,,
5040317460.31746,-92.5867462158203,,,
5052142857.14286,-92.6087188720703,,,
5063968253.96825,-93.191032409668,,,
5075793650.79365,-92.0521087646484,,,
5087619047.61905,-92.5628280639648,,,
5099444444.44444,-92.9623260498047,,,
5111269841.26984,-92.113639831543,,,
5123095238.09524,-93.2185440063477,,,
5134920634.92063,-92.7693634033203,,,
5146746031.74603,-92.531379699707,,,
5158571428.57143,-85.5326461791992,,,
5170396825.39682,-84.5838317871094,,,
5182222222.22222,-82.8817672729492,,,
5194047619.04762,-80.9867095947266,,,
5205873015.87302,-79.1686019897461,,,
5217698412.69841,-83.2077484130859,,,
5229523809.52381,-92.6068267822266,,,
5241349206.34921,-92.5408706665039,,,
5253174603.1746,-91.8534774780273,,,
5265000000,-91.7597351074219,,,
5276825396.8254,-92.1732711791992,,,
5288650793.65079,-91.6269073486328,,,
5300476190.47619,-91.2945861816406,,,
5312301587.30159,-91.6541366577148,,,
5324126984.12698,-92.1241912841797,,,
5335952380.95238,-91.7757949829102,,,
5347777777.77778,-91.6086196899414,,,
5359603174.60317,-92.2950439453125,,,
5371428571.42857,-92.1654586791992,,,
5383253968.25397,-92.3063659667969,,,
5395079365.07936,-92.183967590332,,,
5406904761.90476,-92.3842010498047,,,
5418730158.73016,-92.3309631347656,,,
5430555555.55556,-92.4156112670898,,,
5442380952.38095,-84.5416870117188,,,
5454206349.20635,-92.807487487793,,,
5466031746.03175,-91.8438720703125,,,
5477857142.85714,-92.0150985717773,,,
5489682539.68254,-92.2642135620117,,,
5501507936.50794,-91.6673812866211,,,
5513333333.33333,-92.5116119384766,,,
5525158730.15873,-92.2647476196289,,,
5536984126.98413,-92.0702133178711,,,
5548809523.80952,-91.7170028686523,,,
5560634920.63492,-92.2908096313477,,,
5572460317.46032,-92.2766342163086,,,
5584285714.28571,-92.4126968383789,,,
5596111111.11111,-92.3332061767578,,,
5607936507.93651,-91.2502136230469,,,
5619761904.7619,-91.8218688964844,,,
5631587301.5873,-92.0062942504883,,,
5643412698.4127,-90.3414993286133,,,
5655238095.2381,-90.546516418457,,,
5667063492.06349,-89.9290618896484,,,
5678888888.88889,-90.2287826538086,,,
5690714285.71428,-89.9981002807617,,,
5702539682.53968,-91.7333908081055,,,
5714365079.36508,-90.7170867919922,,,
5726190476.19048,-92.1333465576172,,,
5738015873.01587,-71.4256362915039,,,
5749841269.84127,-91.1937484741211,,,
5761666666.66667,-91.864128112793,,,
5773492063.49206,-92.1248550415039,,,
5785317460.31746,-91.2098846435547,,,
5797142857.14286,-91.9823608398438,,,
5808968253.96825,-89.1340866088867,,,
5820793650.79365,-91.8138656616211,,,
5832619047.61905,-92.2197647094727,,,
5844444444.44444,-91.8597869873047,,,
5856269841.26984,-91.8335571289063,,,
5868095238.09524,-91.795539855957,,,
5879920634.92063,-91.7877197265625,,,
5891746031.74603,-91.2578125,,,
5903571428.57143,-91.6297988891602,,,
5915396825.39682,-90.7614364624023,,,
5927222222.22222,-91.3238906860352,,,
5939047619.04762,-91.5847320556641,,,
5950873015.87302,-91.5217514038086,,,
5962698412.69841,-90.7550506591797,,,
5974523809.52381,-91.1033172607422,,,
5986349206.34921,-91.8374938964844,,,
5998174603.1746,-91.2514114379883,,,
6010000000,-90.3635406494141,,,
6021825396.8254,-90.6664428710938,,,
6033650793.65079,-90.5421142578125,,,
6045476190.47619,-91.1403198242188,,,
6057301587.30159,-90.7776184082031,,,
6069126984.12698,-90.9575271606445,,,
6080952380.95238,-90.6122436523438,,,
6092777777.77778,-90.4819641113281,,,
6104603174.60317,-90.3708343505859,,,
6116428571.42857,-90.264030456543,,,
6128253968.25397,-88.6757049560547,,,
6140079365.07936,-89.6211242675781,,,
6151904761.90476,-88.8749542236328,,,
6163730158.73016,-88.8207168579102,,,
6175555555.55556,-89.6413879394531,,,
6187380952.38095,-89.2712097167969,,,
6199206349.20635,-88.6219787597656,,,
6211031746.03175,-88.4056167602539,,,
6222857142.85714,-88.682258605957,,,
6234682539.68254,-88.3983154296875,,,
6246507936.50794,-88.5393981933594,,,
6258333333.33333,-85.7249984741211,,,
6270158730.15873,-86.0597610473633,,,
6281984126.98413,-86.2805328369141,,,
6293809523.80952,-86.8072052001953,,,
6305634920.63492,-86.3964233398438,,,
6317460317.46032,-86.0431137084961,,,
6329285714.28571,-86.3813400268555,,,
6341111111.11111,-86.8706970214844,,,
6352936507.93651,-86.9164276123047,,,
6364761904.7619,-88.0075149536133,,,
6376587301.5873,-88.0729675292969,,,
6388412698.4127,-88.3962020874023,,,
6400238095.2381,-89.2726516723633,,,
6412063492.06349,-88.620979309082,,,
6423888888.88889,-88.9003753662109,,,
6435714285.71428,-88.7302856445313,,,
6447539682.53968,-89.397087097168,,,
6459365079.36508,-88.2990417480469,,,
6471190476.19048,-89.4390182495117,,,
6483015873.01587,-89.3187484741211,,,
6494841269.84127,-88.3334274291992,,,
6506666666.66667,-88.6872406005859,,,
6518492063.49206,-88.6847229003906,,,
6530317460.31746,-88.4819030761719,,,
6542142857.14286,-89.3134918212891,,,
6553968253.96825,-89.0243682861328,,,
6565793650.79365,-89.044319152832,,,
6577619047.61905,-89.7512588500977,,,
6589444444.44444,-88.3617477416992,,,
6601269841.26984,-88.8966064453125,,,
6613095238.09524,-89.0918350219727,,,
6624920634.92063,-89.3538131713867,,,
6636746031.74603,-88.9824829101563,,,
6648571428.57143,-88.2840347290039,,,
6660396825.39682,-88.4555892944336,,,
6672222222.22222,-89.2630844116211,,,
6684047619.04762,-88.8002166748047,,,
6695873015.87302,-88.133674621582,,,
6707698412.69841,-87.0691833496094,,,
6719523809.52381,-86.6382446289063,,,
6731349206.34921,-86.7972793579102,,,
6743174603.1746,-86.6367797851563,,,
6755000000,-86.3338088989258,,,
6766825396.8254,-86.7630081176758,,,
6778650793.65079,-85.6952819824219,,,
6790476190.47619,-86.1852264404297,,,
6802301587.30159,-86.2496795654297,,,
6814126984.12698,-85.6883163452148,,,
6825952380.95238,-86.3007278442383,,,
6837777777.77778,-86.4579849243164,,,
6849603174.60317,-85.4043655395508,,,
6861428571.42857,-85.136116027832,,,
6873253968.25397,-85.5202560424805,,,
6885079365.07936,-84.6916198730469,,,
6896904761.90476,-84.5211029052734,,,
6908730158.73016,-83.8138809204102,,,
6920555555.55556,-84.0156784057617,,,
6932380952.38095,-84.5349426269531,,,
6944206349.20635,-84.4140472412109,,,
6956031746.03175,-78.1855545043945,,,
6967857142.85714,-84.0218048095703,,,
6979682539.68254,-84.2995071411133,,,
6991507936.50794,-83.8965759277344,,,
7003333333.33333,-83.296745300293,,,
7015158730.15873,-83.8896255493164,,,
7026984126.98413,-83.7998046875,,,
7038809523.80952,-83.4947052001953,,,
7050634920.63492,-83.9921569824219,,,
7062460317.46032,-83.5547332763672,,,
7074285714.28571,-84.2190628051758,,,
7086111111.11111,-83.8579406738281,,,
7097936507.93651,-84.3544616699219,,,
7109761904.7619,-85.8045654296875,,,
7121587301.5873,-85.6043014526367,,,
7133412698.4127,-85.8091659545898,,,
7145238095.23809,-86.5968627929688,,,
7157063492.06349,-86.3581771850586,,,
7168888888.88889,-85.7270584106445,,,
7180714285.71428,-86.212043762207,,,
7192539682.53968,-86.7806396484375,,,
7204365079.36508,-86.0743789672852,,,
7216190476.19048,-86.5107727050781,,,
7228015873.01587,-85.2973556518555,,,
7239841269.84127,-86.6503143310547,,,
7251666666.66667,-86.3316192626953,,,
7263492063.49206,-85.2230606079102,,,
7275317460.31746,-86.9568252563477,,,
7287142857.14286,-86.3773193359375,,,
7298968253.96825,-86.5885925292969,,,
7310793650.79365,-86.0972213745117,,,
7322619047.61905,-86.2877655029297,,,
7334444444.44444,-86.4135360717773,,,
7346269841.26984,-86.3415451049805,,,
7358095238.09524,-86.3423309326172,,,
7369920634.92063,-86.3008651733398,,,
7381746031.74603,-85.925910949707,,,
7393571428.57143,-86.0377197265625,,,
7405396825.39682,-85.8073577880859,,,
7417222222.22222,-85.3328247070313,,,
7429047619.04762,-86.1718139648438,,,
7440873015.87302,-85.3052673339844,,,
7452698412.69841,-80.5997772216797,,,
7464523809.52381,-85.9165954589844,,,
7476349206.34921,-84.6286926269531,,,
7488174603.1746,-85.7357559204102,,,
7500000000,-85.4565734863281,,,
